{
  "utter_goodbye": {
    "precision": 1.0,
    "recall": 0.5,
    "f1-score": 0.6666666666666666,
    "support": 4
  },
  "greet": {
    "precision": 0.625,
    "recall": 1.0,
    "f1-score": 0.7692307692307693,
    "support": 5
  },
  "mood_unhappy": {
    "precision": 0.0,
    "recall": 0.0,
    "f1-score": 0.0,
    "support": 3
  },
  "affirm": {
    "precision": 0.0,
    "recall": 0.0,
    "f1-score": 0.0,
    "support": 1
  },
  "deny": {
    "precision": 0.0,
    "recall": 0.0,
    "f1-score": 0.0,
    "support": 2
  },
  "utter_cheer_up": {
    "precision": 0.0,
    "recall": 0.0,
    "f1-score": 0.0,
    "support": 3
  },
  "utter_happy": {
    "precision": 0.0,
    "recall": 0.0,
    "f1-score": 0.0,
    "support": 3
  },
  "utter_iamabot": {
    "precision": 0.1111111111111111,
    "recall": 1.0,
    "f1-score": 0.19999999999999998,
    "support": 1
  },
  "utter_greet": {
    "precision": 0.0,
    "recall": 0.0,
    "f1-score": 0.0,
    "support": 5
  },
  "bot_challenge": {
    "precision": 1.0,
    "recall": 1.0,
    "f1-score": 1.0,
    "support": 1
  },
  "mood_great": {
    "precision": 0.0,
    "recall": 0.0,
    "f1-score": 0.0,
    "support": 2
  },
  "goodbye": {
    "precision": 0.4,
    "recall": 1.0,
    "f1-score": 0.5714285714285715,
    "support": 2
  },
  "utter_did_that_help": {
    "precision": 0.0,
    "recall": 0.0,
    "f1-score": 0.0,
    "support": 3
  },
  "action_listen": {
    "precision": 0.8421052631578947,
    "recall": 1.0,
    "f1-score": 0.9142857142857143,
    "support": 16
  },
  "micro avg": {
    "precision": 0.6136363636363636,
    "recall": 0.5294117647058824,
    "f1-score": 0.5684210526315789,
    "support": 51
  },
  "macro avg": {
    "precision": 0.2841583124477861,
    "recall": 0.39285714285714285,
    "f1-score": 0.29440083725798016,
    "support": 51
  },
  "weighted avg": {
    "precision": 0.4413685357183809,
    "recall": 0.5294117647058824,
    "f1-score": 0.46047547224017815,
    "support": 51
  },
  "accuracy": 0.5294117647058824,
  "conversation_accuracy": {
    "accuracy": 0.2857142857142857,
    "correct": 2,
    "with_warnings": 0,
    "total": 7
  }
}